[
{
  "model": "gallery.category",
  "pk": 1,
  "fields": {
    "name": "Модель",
    "slug": "model",
    "description": "Модель",
    "cover": "",
    "created_at": "2026-05-24T08:44:32Z"
  }
},
{
  "model": "gallery.category",
  "pk": 2,
  "fields": {
    "name": "Женщина",
    "slug": "zhenshina",
    "description": "Женщина",
    "cover": "",
    "created_at": "2026-05-24T08:44:44Z"
  }
},
{
  "model": "gallery.category",
  "pk": 3,
  "fields": {
    "name": "Девочка",
    "slug": "devochka",
    "description": "Девочка",
    "cover": "",
    "created_at": "2026-05-24T08:45:13Z"
  }
},
{
  "model": "gallery.category",
  "pk": 4,
  "fields": {
    "name": "Портрет",
    "slug": "portret",
    "description": "Портрет",
    "cover": "",
    "created_at": "2026-05-24T08:45:23Z"
  }
},
{
  "model": "gallery.category",
  "pk": 5,
  "fields": {
    "name": "Улыбка",
    "slug": "ulybka",
    "description": "Улыбка",
    "cover": "",
    "created_at": "2026-05-24T08:45:44Z"
  }
},
{
  "model": "gallery.category",
  "pk": 6,
  "fields": {
    "name": "Мода",
    "slug": "moda",
    "description": "Мода",
    "cover": "",
    "created_at": "2026-05-24T08:45:59Z"
  }
},
{
  "model": "gallery.category",
  "pk": 7,
  "fields": {
    "name": "Женский",
    "slug": "zhenskij",
    "description": "Женский",
    "cover": "",
    "created_at": "2026-05-24T08:46:27Z"
  }
},
{
  "model": "gallery.category",
  "pk": 8,
  "fields": {
    "name": "Одеваться",
    "slug": "odevatsya",
    "description": "Одеваться",
    "cover": "",
    "created_at": "2026-05-24T08:46:37Z"
  }
},
{
  "model": "gallery.category",
  "pk": 9,
  "fields": {
    "name": "Позирование",
    "slug": "pozirovanie",
    "description": "Позирование",
    "cover": "",
    "created_at": "2026-05-24T08:46:52Z"
  }
},
{
  "model": "gallery.category",
  "pk": 10,
  "fields": {
    "name": "Моделирование",
    "slug": "modelirovanie",
    "description": "Моделирование",
    "cover": "",
    "created_at": "2026-05-24T08:47:29Z"
  }
},
{
  "model": "gallery.category",
  "pk": 11,
  "fields": {
    "name": "Стиль",
    "slug": "stil",
    "description": "Стиль",
    "cover": "",
    "created_at": "2026-05-24T08:47:55Z"
  }
},
{
  "model": "gallery.category",
  "pk": 12,
  "fields": {
    "name": "Фотосессия",
    "slug": "fotosessiya",
    "description": "Фотосессия",
    "cover": "",
    "created_at": "2026-05-24T08:48:16Z"
  }
},
{
  "model": "gallery.category",
  "pk": 13,
  "fields": {
    "name": "Волосы",
    "slug": "",
    "description": "Волосы",
    "cover": "",
    "created_at": "2026-05-24T08:48:25Z"
  }
},
{
  "model": "gallery.category",
  "pk": 14,
  "fields": {
    "name": "Человек",
    "slug": "chelovek",
    "description": "Человек",
    "cover": "",
    "created_at": "2026-05-24T08:50:47Z"
  }
},
{
  "model": "gallery.category",
  "pk": 15,
  "fields": {
    "name": "Лицо",
    "slug": "lico",
    "description": "Лицо",
    "cover": "",
    "created_at": "2026-05-24T08:51:30Z"
  }
},
{
  "model": "gallery.category",
  "pk": 16,
  "fields": {
    "name": "Косметика",
    "slug": "kosmetika",
    "description": "Косметика",
    "cover": "",
    "created_at": "2026-05-24T08:52:08Z"
  }
},
{
  "model": "gallery.category",
  "pk": 17,
  "fields": {
    "name": "Гламур",
    "slug": "glamur",
    "description": "Гламур",
    "cover": "",
    "created_at": "2026-05-24T08:52:27Z"
  }
},
{
  "model": "gallery.category",
  "pk": 18,
  "fields": {
    "name": "Красота",
    "slug": "krasota",
    "description": "Красота",
    "cover": "",
    "created_at": "2026-05-24T08:53:47Z"
  }
},
{
  "model": "gallery.category",
  "pk": 19,
  "fields": {
    "name": "Фиолетовый",
    "slug": "fioletovyj",
    "description": "Фиолетовый",
    "cover": "",
    "created_at": "2026-05-24T08:53:55Z"
  }
},
{
  "model": "gallery.category",
  "pk": 20,
  "fields": {
    "name": "Природа",
    "slug": "priroda",
    "description": "Природа",
    "cover": "",
    "created_at": "2026-05-24T08:54:32Z"
  }
},
{
  "model": "gallery.category",
  "pk": 21,
  "fields": {
    "name": "Биология",
    "slug": "biologiya",
    "description": "Биология",
    "cover": "",
    "created_at": "2026-05-24T08:55:08Z"
  }
},
{
  "model": "gallery.category",
  "pk": 22,
  "fields": {
    "name": "Цветущее растение",
    "slug": "cvetushee-rastenie",
    "description": "Цветущее растение",
    "cover": "",
    "created_at": "2026-05-24T08:55:27Z"
  }
},
{
  "model": "gallery.category",
  "pk": 23,
  "fields": {
    "name": "Тюльпаны",
    "slug": "tyulpany",
    "description": "Тюльпаны",
    "cover": "",
    "created_at": "2026-05-24T08:57:09Z"
  }
},
{
  "model": "gallery.category",
  "pk": 24,
  "fields": {
    "name": "Цветы",
    "slug": "cvety",
    "description": "Цветы",
    "cover": "",
    "created_at": "2026-05-24T08:57:33Z"
  }
},
{
  "model": "gallery.category",
  "pk": 25,
  "fields": {
    "name": "Прекрасные цветы",
    "slug": "prekrasnye-cvety",
    "description": "Прекрасные цветы",
    "cover": "",
    "created_at": "2026-05-24T08:57:46Z"
  }
},
{
  "model": "gallery.category",
  "pk": 26,
  "fields": {
    "name": "Обои с цветами",
    "slug": "oboi-s-cvetami",
    "description": "Обои с цветами",
    "cover": "",
    "created_at": "2026-05-24T08:58:10Z"
  }
},
{
  "model": "gallery.category",
  "pk": 27,
  "fields": {
    "name": "Романтический",
    "slug": "romanticheskij",
    "description": "Романтический",
    "cover": "",
    "created_at": "2026-05-24T08:59:36Z"
  }
},
{
  "model": "gallery.category",
  "pk": 28,
  "fields": {
    "name": "Растения",
    "slug": "rasteniya",
    "description": "Растения",
    "cover": "",
    "created_at": "2026-05-24T08:59:54Z"
  }
},
{
  "model": "gallery.category",
  "pk": 29,
  "fields": {
    "name": "лук",
    "slug": "luk",
    "description": "лук",
    "cover": "",
    "created_at": "2026-05-24T18:48:10Z"
  }
},
{
  "model": "gallery.category",
  "pk": 30,
  "fields": {
    "name": "еда",
    "slug": "eda",
    "description": "еда",
    "cover": "",
    "created_at": "2026-05-24T18:48:17Z"
  }
},
{
  "model": "gallery.profile",
  "pk": 1,
  "fields": {
    "user": 2,
    "avatar": "authors/avatars/20-27-58-991_96x96.jpg",
    "cover": "",
    "bio": "Magdalena Jasinska-vetter\r\nВозраст 45\r\nSandhausen/germany\r\nПрисоединился к June 2, 2020",
    "location": "Boston",
    "followers_count": 152,
    "likes_count": 1580,
    "views_count": 1031
  }
},
{
  "model": "gallery.profile",
  "pk": 2,
  "fields": {
    "user": 3,
    "avatar": "authors/avatars/e19377801345931014961fba19a5eb4c.jpg",
    "cover": "",
    "bio": "Фотограф из Индии",
    "location": "",
    "followers_count": 89,
    "likes_count": 101,
    "views_count": 230
  }
},
{
  "model": "gallery.profile",
  "pk": 3,
  "fields": {
    "user": 5,
    "avatar": "authors/avatars/Screenshot_3.jpg",
    "cover": "",
    "bio": "Фотограф PhotoBank",
    "location": "Moskov",
    "followers_count": 173,
    "likes_count": 1856,
    "views_count": 215
  }
},
{
  "model": "gallery.profile",
  "pk": 4,
  "fields": {
    "user": 6,
    "avatar": "authors/avatars/avat.png",
    "cover": "",
    "bio": "Фотограф PhotoBank. Автор фотографических произведений — Андрей Чеботарь (Andrei Cebotari), профессиональный фотограф из Республики Молдова.\r\nФотографической деятельностью автор занимается с 2001 года, осуществляя съёмку на профессиональной коммерческой основе. За годы творческой и профессиональной деятельности автор сформировал собственный узнаваемый художественный стиль и приобрел репутацию квалифицированного специалиста в сфере рекламной, предметной, fashion- и beauty-фотографии.",
    "location": "Chișinău, Republic of Moldova",
    "followers_count": 544,
    "likes_count": 25689,
    "views_count": 1789
  }
},
{
  "model": "gallery.profile",
  "pk": 5,
  "fields": {
    "user": 7,
    "avatar": "authors/avatars/001_av.png",
    "cover": "",
    "bio": "Андрей Кац — профессиональный фотограф из Владивостока, специализирующийся на пейзажной фотографии и съёмке природы.\r\n\r\nВ центре его творческого внимания — морские побережья, горные и лесные ландшафты, рассветы, закаты, природный свет и атмосферные состояния окружающего мира. Работы автора отличаются выразительной композицией, вниманием к деталям, глубиной пространства и способностью передать настроение природного пейзажа.\r\n\r\nФотографические произведения Андрея Каца являются результатом самостоятельного творческого труда, включающего выбор места съёмки, ракурса, освещения, композиции и последующую профессиональную обработку изображения.",
    "location": "Vladivostok",
    "followers_count": 12,
    "likes_count": 356,
    "views_count": 58
  }
},
{
  "model": "gallery.profile",
  "pk": 6,
  "fields": {
    "user": 8,
    "avatar": "authors/avatars/99bea14189b9771bf9fe5d64ab9d60d3.jpg",
    "cover": "",
    "bio": "Есения Волкова — российский фотограф, специализирующийся на женском портрете, fashion-съёмках и атмосферной студийной фотографии. В своих работах она соединяет мягкий естественный свет, кинематографичную подачу и внимание к деталям. Её стиль — это элегантность, глубина взгляда и умение раскрыть характер человека через кадр.",
    "location": "Moskov",
    "followers_count": 3,
    "likes_count": 17,
    "views_count": 58
  }
},
{
  "model": "gallery.profile",
  "pk": 7,
  "fields": {
    "user": 9,
    "avatar": "authors/avatars/123456.jpg",
    "cover": "",
    "bio": "Арина Вельская — российский фотограф, специализирующаяся на женском портрете, fashion-съёмке и эстетичных lifestyle-кадрах. В своих работах она соединяет мягкий естественный свет, кинематографичную обработку и тонкое чувство образа. Арина стремится раскрыть в каждой модели индивидуальность, характер и внутреннюю красоту, создавая фотографии с атмосферой, глубиной и премиальным визуальным стилем.",
    "location": "Пермь",
    "followers_count": 3,
    "likes_count": 7,
    "views_count": 12
  }
},
{
  "model": "gallery.profile",
  "pk": 8,
  "fields": {
    "user": 10,
    "avatar": "authors/avatars/55555555.jpg",
    "cover": "",
    "bio": "Даниил Северин — российский фотограф, специализирующийся на съёмке исторических мест, архитектурного наследия и старинных городских пространств. В своих работах он стремится передать атмосферу времени, величие древних зданий и особую тишину мест, где сохранилась история. Его фотографии отличаются глубокими ракурсами, мягким светом и кинематографичным стилем, благодаря чему каждая съёмка выглядит как визуальное путешествие в прошлое.",
    "location": "Moskov",
    "followers_count": 7,
    "likes_count": 53,
    "views_count": 89
  }
},
{
  "model": "gallery.profile",
  "pk": 9,
  "fields": {
    "user": 11,
    "avatar": "authors/avatars/аватар.jpg",
    "cover": "",
    "bio": "Фотограф из Калининграда, специализирующийся на предметной и коммерческой съемке для магазинов строительных материалов. Основное направление его работ — создание рекламных буклетов, каталогов и визуального контента для продвижения отделочных материалов, инструментов, сантехники, напольных покрытий и товаров для ремонта. В своих проектах Илья делает акцент на четкости деталей, реалистичной передаче фактуры и профессиональной подаче товара, чтобы каждая фотография помогала покупателю быстрее принять решение о покупке",
    "location": "Калининград",
    "followers_count": 5,
    "likes_count": 3,
    "views_count": 7
  }
},
{
  "model": "gallery.profile",
  "pk": 10,
  "fields": {
    "user": 12,
    "avatar": "authors/avatars/Ават.jpg",
    "cover": "",
    "bio": "Ирина Г. — профессиональный фотограф, специализирующаяся на создании рекламных буклетов, предметной и имиджевой фотосъёмке для компаний сферы услуг. Основное направление её работы — визуальное оформление материалов для клининговых компаний, сервисных организаций и бизнеса, которому важно показать качество, чистоту, аккуратность и доверие к бренду.\r\n\r\nВ своих проектах Ирина уделяет особое внимание деталям, свету и композиции, создавая фотографии, которые помогают компаниям выглядеть более профессионально, современно и убедительно для клиентов.",
    "location": "Moskov",
    "followers_count": 3,
    "likes_count": 5,
    "views_count": 4
  }
},
{
  "model": "gallery.post",
  "pk": 5,
  "fields": {
    "author": 2,
    "title": "Лук фиолетовый",
    "slug": "luk-fioletovyi",
    "description": "Лук фиолетовый",
    "is_published": true,
    "published_at": "2026-06-07T14:15:15Z",
    "created_at": "2026-06-07T14:14:39Z",
    "categories": [
      20,
      28
    ]
  }
},
{
  "model": "gallery.post",
  "pk": 6,
  "fields": {
    "author": 5,
    "title": "Девушка",
    "slug": "devushka",
    "description": "Косметический эффект",
    "is_published": true,
    "published_at": "2002-09-10T15:44:43Z",
    "created_at": "2002-11-17T16:44:53Z",
    "categories": [
      16
    ]
  }
},
{
  "model": "gallery.post",
  "pk": 9,
  "fields": {
    "author": 6,
    "title": "красота и косметика",
    "slug": "krasota-i-kosmetika",
    "description": "",
    "is_published": true,
    "published_at": "2016-01-10T11:20:43Z",
    "created_at": "2015-12-02T08:50:16Z",
    "categories": [
      16,
      18,
      15,
      6,
      10,
      1
    ]
  }
},
{
  "model": "gallery.post",
  "pk": 10,
  "fields": {
    "author": 6,
    "title": "улыбка красивой девушки",
    "slug": "ulybka-krasivoi-devushki",
    "description": "",
    "is_published": true,
    "published_at": "2011-05-12T02:12:00Z",
    "created_at": "2011-05-12T10:36:42Z",
    "categories": [
      17,
      2,
      16,
      18,
      15,
      6,
      10,
      1,
      4,
      5,
      14
    ]
  }
},
{
  "model": "gallery.post",
  "pk": 12,
  "fields": {
    "author": 6,
    "title": "косметический эффект",
    "slug": "kosmeticheskii-effekt",
    "description": "",
    "is_published": true,
    "published_at": "2011-03-07T11:20:43Z",
    "created_at": "2011-03-07T12:06:37Z",
    "categories": [
      16,
      18,
      15,
      6,
      10,
      1
    ]
  }
},
{
  "model": "gallery.post",
  "pk": 13,
  "fields": {
    "author": 7,
    "title": "Путь к снежным вершинам",
    "slug": "put-k-snezhnym-vershinam",
    "description": "Путешествие в сердце Памира — туда, где горные реки рождаются среди снежных вершин и первозданной тишины.",
    "is_published": true,
    "published_at": "2016-04-03T13:15:51Z",
    "created_at": "2016-04-03T13:14:18Z",
    "categories": [
      20
    ]
  }
},
{
  "model": "gallery.post",
  "pk": 14,
  "fields": {
    "author": 7,
    "title": "Там, где рождаются реки",
    "slug": "tam-gde-rozhdaiutsia-reki",
    "description": "Путешествие в Памир — к чистым горным рекам, снежным вершинам и настоящей свободе.",
    "is_published": true,
    "published_at": "2016-04-03T13:18:24Z",
    "created_at": "2016-04-03T13:17:35Z",
    "categories": [
      20
    ]
  }
},
{
  "model": "gallery.post",
  "pk": 15,
  "fields": {
    "author": 7,
    "title": "Сердце гор",
    "slug": "serdtse-gor",
    "description": "Путешествие в сердце Памира — туда, где горные реки рождаются среди снежных вершин и первозданной тишины.",
    "is_published": true,
    "published_at": "2016-04-03T13:29:45Z",
    "created_at": "2016-04-03T13:27:33Z",
    "categories": [
      20
    ]
  }
},
{
  "model": "gallery.post",
  "pk": 16,
  "fields": {
    "author": 7,
    "title": "Высота тишины",
    "slug": "vysota-tishiny",
    "description": "Путешествие в Памир — к чистым горным рекам, снежным вершинам и настоящей свободе.",
    "is_published": true,
    "published_at": "2016-04-03T13:33:57Z",
    "created_at": "2016-04-03T13:33:03Z",
    "categories": [
      20
    ]
  }
},
{
  "model": "gallery.post",
  "pk": 17,
  "fields": {
    "author": 7,
    "title": "Горная симфония",
    "slug": "gornaia-simfoniia",
    "description": "Путешествие в сердце Памира — туда, где горные реки рождаются среди снежных вершин и первозданной тишины.",
    "is_published": true,
    "published_at": "2016-04-03T13:36:51Z",
    "created_at": "2016-04-03T13:36:18Z",
    "categories": [
      20
    ]
  }
},
{
  "model": "gallery.post",
  "pk": 18,
  "fields": {
    "author": 7,
    "title": "Озеро среди вершин",
    "slug": "ozero-sredi-vershin",
    "description": "Путешествие в сердце Памира — туда, где горные реки рождаются среди снежных вершин и первозданной тишины.",
    "is_published": true,
    "published_at": "2016-04-03T13:41:47Z",
    "created_at": "2016-04-03T13:39:32Z",
    "categories": [
      20
    ]
  }
},
{
  "model": "gallery.post",
  "pk": 19,
  "fields": {
    "author": 7,
    "title": "Там, где просыпается весна",
    "slug": "tam-gde-prosypaetsia-vesna",
    "description": "Родные просторы — тихая дорога, весенние берёзы и бескрайняя природа, в которой чувствуется спокойствие и тепло родной земли.",
    "is_published": true,
    "published_at": "2016-05-12T13:59:17Z",
    "created_at": "2016-05-12T13:58:23Z",
    "categories": [
      20
    ]
  }
},
{
  "model": "gallery.post",
  "pk": 20,
  "fields": {
    "author": 7,
    "title": "Там, где просыпается весна",
    "slug": "tam-gde-prosypaetsia-vesna-2",
    "description": "Родные просторы — тихая дорога, весенние берёзы и бескрайняя природа, в которой чувствуется спокойствие и тепло родной земли.",
    "is_published": true,
    "published_at": "2016-05-12T14:01:13Z",
    "created_at": "2016-05-12T14:00:25Z",
    "categories": [
      20
    ]
  }
},
{
  "model": "gallery.post",
  "pk": 21,
  "fields": {
    "author": 7,
    "title": "На границе леса и неба",
    "slug": "na-granitse-lesa-i-neba",
    "description": "Родные просторы — тихая дорога, весенние берёзы и бескрайняя природа, в которой чувствуется спокойствие и тепло родной земли.",
    "is_published": true,
    "published_at": "2016-05-12T14:06:07Z",
    "created_at": "2016-05-12T14:05:28Z",
    "categories": [
      20
    ]
  }
},
{
  "model": "gallery.post",
  "pk": 22,
  "fields": {
    "author": 7,
    "title": "После дождей",
    "slug": "posle-dozhdei",
    "description": "Родные просторы — тихая дорога, весенние берёзы и бескрайняя природа, в которой чувствуется спокойствие и тепло родной земли.",
    "is_published": true,
    "published_at": "2016-05-12T14:09:31Z",
    "created_at": "2016-05-12T14:08:34Z",
    "categories": [
      20
    ]
  }
},
{
  "model": "gallery.post",
  "pk": 23,
  "fields": {
    "author": 7,
    "title": "После дождей",
    "slug": "posle-dozhdei-2",
    "description": "Родные просторы — тихая дорога, весенние берёзы и бескрайняя природа, в которой чувствуется спокойствие и тепло родной земли.",
    "is_published": true,
    "published_at": "2016-05-12T14:11:00Z",
    "created_at": "2016-05-12T14:10:25Z",
    "categories": [
      20
    ]
  }
},
{
  "model": "gallery.post",
  "pk": 24,
  "fields": {
    "author": 7,
    "title": "Бирюзовая тишина",
    "slug": "biriuzovaia-tishina",
    "description": "Родное Чёрное море — бирюзовая гладь, сосновый аромат и тёплая тишина любимого берега.",
    "is_published": true,
    "published_at": "2020-11-18T14:58:44Z",
    "created_at": "2020-11-18T14:56:57Z",
    "categories": [
      20
    ]
  }
},
{
  "model": "gallery.post",
  "pk": 25,
  "fields": {
    "author": 7,
    "title": "Там, где небо встречает море",
    "slug": "tam-gde-nebo-vstrechaet-more",
    "description": "Родное Чёрное море — бирюзовая гладь, сосновый аромат и тёплая тишина любимого берега",
    "is_published": true,
    "published_at": "2020-11-18T15:00:30Z",
    "created_at": "2020-11-18T14:59:32Z",
    "categories": [
      20
    ]
  }
},
{
  "model": "gallery.post",
  "pk": 26,
  "fields": {
    "author": 7,
    "title": "Там, где небо встречает море",
    "slug": "tam-gde-nebo-vstrechaet-more-2",
    "description": "Родное Чёрное море — бирюзовая гладь, сосновый аромат и тёплая тишина любимого берега",
    "is_published": true,
    "published_at": "2020-11-18T15:01:40Z",
    "created_at": "2020-11-18T15:01:04Z",
    "categories": [
      20
    ]
  }
},
{
  "model": "gallery.post",
  "pk": 27,
  "fields": {
    "author": 7,
    "title": "Там, где небо встречает море",
    "slug": "tam-gde-nebo-vstrechaet-more-3",
    "description": "Родное Чёрное море — бирюзовая гладь, сосновый аромат и тёплая тишина любимого берега",
    "is_published": true,
    "published_at": "2020-11-18T15:02:53Z",
    "created_at": "2020-11-18T15:02:16Z",
    "categories": [
      20
    ]
  }
},
{
  "model": "gallery.post",
  "pk": 28,
  "fields": {
    "author": 7,
    "title": "Там, где небо встречает море",
    "slug": "tam-gde-nebo-vstrechaet-more-4",
    "description": "Родное Чёрное море — бирюзовая гладь, сосновый аромат и тёплая тишина любимого берега",
    "is_published": true,
    "published_at": "2020-11-18T15:04:02Z",
    "created_at": "2020-11-18T15:03:28Z",
    "categories": [
      20
    ]
  }
},
{
  "model": "gallery.post",
  "pk": 29,
  "fields": {
    "author": 10,
    "title": "Исторические места",
    "slug": "istoricheskie-mesta",
    "description": "",
    "is_published": true,
    "published_at": "2025-08-10T06:56:13Z",
    "created_at": "2025-08-10T06:55:12Z",
    "categories": [
      11
    ]
  }
},
{
  "model": "gallery.post",
  "pk": 30,
  "fields": {
    "author": 11,
    "title": "Стройматериалы в деталях",
    "slug": "stroimaterialy-v-detaliakh",
    "description": "Профессиональная фотография строительных материалов, демонстрирующая качество, фактуру и практичность товаров для ремонта и отделки",
    "is_published": true,
    "published_at": "2014-03-12T16:14:46Z",
    "created_at": "2014-03-12T16:12:12Z",
    "categories": [
      12
    ]
  }
},
{
  "model": "gallery.post",
  "pk": 31,
  "fields": {
    "author": 6,
    "title": "123",
    "slug": "123",
    "description": "",
    "is_published": true,
    "published_at": "2026-06-12T13:54:45Z",
    "created_at": "2026-06-12T13:54:26Z",
    "categories": [
      18
    ]
  }
},
{
  "model": "gallery.post",
  "pk": 32,
  "fields": {
    "author": 6,
    "title": "р",
    "slug": "r",
    "description": "",
    "is_published": true,
    "published_at": "2026-06-12T14:04:16Z",
    "created_at": "2026-06-12T14:04:01Z",
    "categories": [
      18
    ]
  }
},
{
  "model": "gallery.post",
  "pk": 33,
  "fields": {
    "author": 6,
    "title": "1",
    "slug": "1",
    "description": "",
    "is_published": true,
    "published_at": "2026-06-13T03:53:11Z",
    "created_at": "2026-06-13T03:52:57Z",
    "categories": [
      7
    ]
  }
},
{
  "model": "gallery.post",
  "pk": 34,
  "fields": {
    "author": 3,
    "title": "3333",
    "slug": "3333",
    "description": "",
    "is_published": true,
    "published_at": "2026-06-13T05:40:04Z",
    "created_at": "2026-06-13T05:39:53Z",
    "categories": [
      15
    ]
  }
},
{
  "model": "gallery.post",
  "pk": 36,
  "fields": {
    "author": 12,
    "title": "Безупречная чистота",
    "slug": "professionalnaia-uborka",
    "description": "Серия фотографий демонстрирует профессиональную уборку помещений, внимание к деталям и результат работы клининговой компании — чистое, свежее и аккуратное пространство.",
    "is_published": true,
    "published_at": "2020-12-10T14:59:58Z",
    "created_at": "2020-12-10T14:59:10Z",
    "categories": [
      14
    ]
  }
},
{
  "model": "gallery.photo",
  "pk": 5,
  "fields": {
    "post": 5,
    "image": "photos/sternchenkiste-allium-5255123_FTYx5nc.jpg",
    "watermarked_image": "",
    "title": "",
    "short_description": "",
    "license_type": "free",
    "price_note": "",
    "camera_model": "",
    "file_format": "JPG",
    "resolution": "",
    "created_at": "2026-06-07T14:14:39Z"
  }
},
{
  "model": "gallery.photo",
  "pk": 7,
  "fields": {
    "post": 6,
    "image": "photos/2566389_1_ynCRhZX.jpg",
    "watermarked_image": "",
    "title": "Девушка",
    "short_description": "Девушка с косметикой",
    "license_type": "restricted",
    "price_note": "",
    "camera_model": "canon",
    "file_format": "JPG",
    "resolution": "4000/6000",
    "created_at": "2026-06-07T17:00:13Z"
  }
},
{
  "model": "gallery.photo",
  "pk": 8,
  "fields": {
    "post": 6,
    "image": "photos/id_773198980.png",
    "watermarked_image": "",
    "title": "beautiful-young-woman",
    "short_description": "Элегантный портрет девушки в мягком естественном свете",
    "license_type": "free",
    "price_note": "",
    "camera_model": "Canon EOS-1Ds Mark III",
    "file_format": "JPG",
    "resolution": "5616 × 3744",
    "created_at": "2010-10-17T04:44:35Z"
  }
},
{
  "model": "gallery.photo",
  "pk": 15,
  "fields": {
    "post": 9,
    "image": "photos/24137305_0_0_2000_1132_2072x0_60_0_0_e1f9101726e8cb31635acb4f6b141d61_9dwNpmu.jpg",
    "watermarked_image": "",
    "title": "",
    "short_description": "",
    "license_type": "free",
    "price_note": "",
    "camera_model": "Canon EOS-1Ds Mark III",
    "file_format": "JPG",
    "resolution": "5616 × 3744",
    "created_at": "2015-12-02T11:20:16Z"
  }
},
{
  "model": "gallery.photo",
  "pk": 16,
  "fields": {
    "post": 10,
    "image": "photos/id_784641373.jpg",
    "watermarked_image": "",
    "title": "улыбка красивой девушки",
    "short_description": "улыбка красивой девушки",
    "license_type": "free",
    "price_note": "",
    "camera_model": "Canon EOS-1Ds Mark III",
    "file_format": "JPG",
    "resolution": "5616 × 3744",
    "created_at": "2011-05-12T10:36:42Z"
  }
},
{
  "model": "gallery.photo",
  "pk": 24,
  "fields": {
    "post": 12,
    "image": "photos/id_825494146.jpg",
    "watermarked_image": "",
    "title": "Тишина красоты",
    "short_description": "Нежный beauty-портрет девушки с закрытыми глазами, подчёркивающий чистоту, сияние кожи и естественную гармонию образа.",
    "license_type": "free",
    "price_note": "",
    "camera_model": "Canon EOS-1Ds Mark III",
    "file_format": "JPG",
    "resolution": "5616 × 3744",
    "created_at": "2011-03-07T12:22:10Z"
  }
},
{
  "model": "gallery.photo",
  "pk": 25,
  "fields": {
    "post": 13,
    "image": "photos/id_557625614.jpg",
    "watermarked_image": "",
    "title": "Дыхание горной свободы",
    "short_description": "",
    "license_type": "free",
    "price_note": "",
    "camera_model": "Canon EOS-1Ds Mark III",
    "file_format": "JPG",
    "resolution": "5616 × 3744",
    "created_at": "2016-04-03T13:14:18Z"
  }
},
{
  "model": "gallery.photo",
  "pk": 26,
  "fields": {
    "post": 14,
    "image": "photos/id_634003785.jpg",
    "watermarked_image": "",
    "title": "Там, где рождаются реки",
    "short_description": "Путешествие в Памир — к чистым горным рекам, снежным вершинам и настоящей свободе.",
    "license_type": "free",
    "price_note": "",
    "camera_model": "Canon EOS-1Ds Mark III",
    "file_format": "JPG",
    "resolution": "5616 × 3744",
    "created_at": "2016-04-03T13:17:35Z"
  }
},
{
  "model": "gallery.photo",
  "pk": 27,
  "fields": {
    "post": 15,
    "image": "photos/id_966394736.jpg",
    "watermarked_image": "",
    "title": "Сердце гор",
    "short_description": "Путешествие в сердце Памира — туда, где горные реки рождаются среди снежных вершин и первозданной тишины.",
    "license_type": "free",
    "price_note": "",
    "camera_model": "Canon EOS-1Ds Mark III",
    "file_format": "JPG",
    "resolution": "5616 × 3744",
    "created_at": "2016-04-03T13:27:33Z"
  }
},
{
  "model": "gallery.photo",
  "pk": 28,
  "fields": {
    "post": 16,
    "image": "photos/id_890759208.jpg",
    "watermarked_image": "",
    "title": "Высота тишины",
    "short_description": "Путешествие в Памир — к чистым горным рекам, снежным вершинам и настоящей свободе.",
    "license_type": "free",
    "price_note": "",
    "camera_model": "Canon EOS-1Ds Mark III",
    "file_format": "JPG",
    "resolution": "5616 × 3744",
    "created_at": "2016-04-03T13:33:03Z"
  }
},
{
  "model": "gallery.photo",
  "pk": 29,
  "fields": {
    "post": 17,
    "image": "photos/id_640633340.jpg",
    "watermarked_image": "",
    "title": "Горная симфония",
    "short_description": "Путешествие в сердце Памира — туда, где горные реки рождаются среди снежных вершин и первозданной тишины.",
    "license_type": "free",
    "price_note": "",
    "camera_model": "Canon EOS-1Ds Mark III",
    "file_format": "JPG",
    "resolution": "5616 × 3744",
    "created_at": "2016-04-03T13:36:18Z"
  }
},
{
  "model": "gallery.photo",
  "pk": 30,
  "fields": {
    "post": 18,
    "image": "photos/id_533794738.jpg",
    "watermarked_image": "",
    "title": "Озеро среди вершин",
    "short_description": "Путешествие в сердце Памира — туда, где горные реки рождаются среди снежных вершин и первозданной тишины.",
    "license_type": "free",
    "price_note": "",
    "camera_model": "Canon EOS-1Ds Mark III",
    "file_format": "JPG",
    "resolution": "5616 × 3744",
    "created_at": "2016-04-03T13:39:32Z"
  }
},
{
  "model": "gallery.photo",
  "pk": 31,
  "fields": {
    "post": 19,
    "image": "photos/id_844418282.jpg",
    "watermarked_image": "",
    "title": "Там, где просыпается весна",
    "short_description": "Родные просторы — тихая дорога, весенние берёзы и бескрайняя природа, в которой чувствуется спокойствие и тепло родной земли.",
    "license_type": "restricted",
    "price_note": "",
    "camera_model": "Canon EOS-1Ds Mark III",
    "file_format": "JPG",
    "resolution": "5616 × 3744",
    "created_at": "2016-05-12T13:58:23Z"
  }
},
{
  "model": "gallery.photo",
  "pk": 32,
  "fields": {
    "post": 20,
    "image": "photos/id_964051480.jpg",
    "watermarked_image": "",
    "title": "Там, где просыпается весна",
    "short_description": "Родные просторы — тихая дорога, весенние берёзы и бескрайняя природа, в которой чувствуется спокойствие и тепло родной земли.",
    "license_type": "restricted",
    "price_note": "",
    "camera_model": "Canon EOS-1Ds Mark III",
    "file_format": "JPG",
    "resolution": "5616 × 3744",
    "created_at": "2016-05-12T14:00:25Z"
  }
},
{
  "model": "gallery.photo",
  "pk": 33,
  "fields": {
    "post": 21,
    "image": "photos/id_865367404.jpg",
    "watermarked_image": "",
    "title": "На границе леса и неба",
    "short_description": "Родные просторы — тихая дорога, весенние берёзы и бескрайняя природа, в которой чувствуется спокойствие и тепло родной земли.",
    "license_type": "restricted",
    "price_note": "",
    "camera_model": "Canon EOS-1Ds Mark III",
    "file_format": "JPG",
    "resolution": "5616 × 3744",
    "created_at": "2026-05-12T14:05:28Z"
  }
},
{
  "model": "gallery.photo",
  "pk": 34,
  "fields": {
    "post": 22,
    "image": "photos/id_610306096.jpg",
    "watermarked_image": "",
    "title": "После дождей",
    "short_description": "Родные просторы — тихая дорога, весенние берёзы и бескрайняя природа, в которой чувствуется спокойствие и тепло родной земли.",
    "license_type": "restricted",
    "price_note": "",
    "camera_model": "Canon EOS-1Ds Mark III",
    "file_format": "JPG",
    "resolution": "5616 × 3744",
    "created_at": "2026-05-12T14:08:34Z"
  }
},
{
  "model": "gallery.photo",
  "pk": 35,
  "fields": {
    "post": 23,
    "image": "photos/id_979316661.jpg",
    "watermarked_image": "",
    "title": "После дождей",
    "short_description": "Родные просторы — тихая дорога, весенние берёзы и бескрайняя природа, в которой чувствуется спокойствие и тепло родной земли.",
    "license_type": "restricted",
    "price_note": "",
    "camera_model": "Canon EOS-1Ds Mark III",
    "file_format": "JPG",
    "resolution": "5616 × 3744",
    "created_at": "2016-05-12T14:10:25Z"
  }
},
{
  "model": "gallery.photo",
  "pk": 36,
  "fields": {
    "post": 24,
    "image": "photos/id_576687343.jpg",
    "watermarked_image": "",
    "title": "Бирюзовая тишина",
    "short_description": "Родное Чёрное море — бирюзовая гладь, сосновый аромат и тёплая тишина любимого берега.",
    "license_type": "restricted",
    "price_note": "",
    "camera_model": "Canon EOS-1Ds Mark III",
    "file_format": "JPG",
    "resolution": "5616 × 3744",
    "created_at": "2020-11-18T14:56:57Z"
  }
},
{
  "model": "gallery.photo",
  "pk": 37,
  "fields": {
    "post": 25,
    "image": "photos/id_388848556.jpg",
    "watermarked_image": "",
    "title": "Там, где небо встречает море",
    "short_description": "Родное Чёрное море — бирюзовая гладь, сосновый аромат и тёплая тишина любимого берега",
    "license_type": "restricted",
    "price_note": "",
    "camera_model": "Canon EOS-1Ds Mark III",
    "file_format": "JPG",
    "resolution": "5616 × 3744",
    "created_at": "2020-11-18T14:59:32Z"
  }
},
{
  "model": "gallery.photo",
  "pk": 38,
  "fields": {
    "post": 26,
    "image": "photos/id_701461183.jpg",
    "watermarked_image": "",
    "title": "Там, где небо встречает море",
    "short_description": "Родное Чёрное море — бирюзовая гладь, сосновый аромат и тёплая тишина любимого берега",
    "license_type": "restricted",
    "price_note": "",
    "camera_model": "Canon EOS-1Ds Mark III",
    "file_format": "JPG",
    "resolution": "5616 × 3744",
    "created_at": "2020-11-18T15:01:04Z"
  }
},
{
  "model": "gallery.photo",
  "pk": 39,
  "fields": {
    "post": 27,
    "image": "photos/id_723858174.jpg",
    "watermarked_image": "",
    "title": "Там, где небо встречает море",
    "short_description": "Родное Чёрное море — бирюзовая гладь, сосновый аромат и тёплая тишина любимого берега",
    "license_type": "restricted",
    "price_note": "",
    "camera_model": "Canon EOS-1Ds Mark III",
    "file_format": "JPG",
    "resolution": "5616 × 3744",
    "created_at": "2020-11-18T15:02:16Z"
  }
},
{
  "model": "gallery.photo",
  "pk": 40,
  "fields": {
    "post": 28,
    "image": "photos/id_881669327.jpg",
    "watermarked_image": "",
    "title": "Там, где небо встречает море",
    "short_description": "Родное Чёрное море — бирюзовая гладь, сосновый аромат и тёплая тишина любимого берега",
    "license_type": "restricted",
    "price_note": "",
    "camera_model": "Canon EOS-1Ds Mark III",
    "file_format": "JPG",
    "resolution": "5616 × 3744",
    "created_at": "2020-11-18T15:03:28Z"
  }
},
{
  "model": "gallery.photo",
  "pk": 41,
  "fields": {
    "post": 29,
    "image": "photos/id_231772888.jpg",
    "watermarked_image": "",
    "title": "Дыхание эпох",
    "short_description": "",
    "license_type": "free",
    "price_note": "",
    "camera_model": "Sony Alpha 7R V",
    "file_format": "JPG",
    "resolution": "9504 × 6336",
    "created_at": "2025-08-15T06:55:12Z"
  }
},
{
  "model": "gallery.photo",
  "pk": 42,
  "fields": {
    "post": 29,
    "image": "photos/id_278967223.jpg",
    "watermarked_image": "",
    "title": "Дыхание эпох",
    "short_description": "",
    "license_type": "free",
    "price_note": "",
    "camera_model": "Sony Alpha 7R V",
    "file_format": "JPG",
    "resolution": "9504 × 6336",
    "created_at": "2025-08-15T06:55:12Z"
  }
},
{
  "model": "gallery.photo",
  "pk": 43,
  "fields": {
    "post": 29,
    "image": "photos/id_421772932.jpg",
    "watermarked_image": "",
    "title": "Дыхание эпох",
    "short_description": "",
    "license_type": "free",
    "price_note": "",
    "camera_model": "Sony Alpha 7R V",
    "file_format": "JPG",
    "resolution": "9504 × 6336",
    "created_at": "2025-08-15T06:55:12Z"
  }
},
{
  "model": "gallery.photo",
  "pk": 44,
  "fields": {
    "post": 29,
    "image": "photos/id_483928052.jpg",
    "watermarked_image": "",
    "title": "Дыхание эпох",
    "short_description": "",
    "license_type": "free",
    "price_note": "",
    "camera_model": "Sony Alpha 7R V",
    "file_format": "JPG",
    "resolution": "9504 × 6336",
    "created_at": "2025-08-15T06:55:12Z"
  }
},
{
  "model": "gallery.photo",
  "pk": 45,
  "fields": {
    "post": 29,
    "image": "photos/id_536320536.jpg",
    "watermarked_image": "",
    "title": "Дыхание эпох",
    "short_description": "",
    "license_type": "restricted",
    "price_note": "",
    "camera_model": "Sony Alpha 7R V",
    "file_format": "JPG",
    "resolution": "9504 × 6336",
    "created_at": "2025-08-15T06:55:12Z"
  }
},
{
  "model": "gallery.photo",
  "pk": 46,
  "fields": {
    "post": 29,
    "image": "photos/id_602741693.jpg",
    "watermarked_image": "",
    "title": "Дыхание эпох",
    "short_description": "",
    "license_type": "restricted",
    "price_note": "",
    "camera_model": "Sony Alpha 7R V",
    "file_format": "JPG",
    "resolution": "9504 × 6336",
    "created_at": "2025-08-15T06:55:12Z"
  }
},
{
  "model": "gallery.photo",
  "pk": 47,
  "fields": {
    "post": 29,
    "image": "photos/id_671745063.jpg",
    "watermarked_image": "",
    "title": "Дыхание эпох",
    "short_description": "",
    "license_type": "restricted",
    "price_note": "",
    "camera_model": "Sony Alpha 7R V",
    "file_format": "JPG",
    "resolution": "9504 × 6336",
    "created_at": "2025-08-15T06:55:12Z"
  }
},
{
  "model": "gallery.photo",
  "pk": 48,
  "fields": {
    "post": 29,
    "image": "photos/id_704130112.jpg",
    "watermarked_image": "",
    "title": "Дыхание эпох",
    "short_description": "",
    "license_type": "restricted",
    "price_note": "",
    "camera_model": "Sony Alpha 7R V",
    "file_format": "JPG",
    "resolution": "9504 × 6336",
    "created_at": "2025-08-15T06:55:12Z"
  }
},
{
  "model": "gallery.photo",
  "pk": 49,
  "fields": {
    "post": 29,
    "image": "photos/id_742066921.jpg",
    "watermarked_image": "",
    "title": "Дыхание эпох",
    "short_description": "",
    "license_type": "restricted",
    "price_note": "",
    "camera_model": "Sony Alpha 7R V",
    "file_format": "JPG",
    "resolution": "9504 × 6336",
    "created_at": "2025-08-15T06:55:12Z"
  }
},
{
  "model": "gallery.photo",
  "pk": 50,
  "fields": {
    "post": 29,
    "image": "photos/id_797265270.jpg",
    "watermarked_image": "",
    "title": "Дыхание эпох",
    "short_description": "",
    "license_type": "restricted",
    "price_note": "",
    "camera_model": "Sony Alpha 7R V",
    "file_format": "JPG",
    "resolution": "9504 × 6336",
    "created_at": "2025-08-15T06:55:12Z"
  }
},
{
  "model": "gallery.photo",
  "pk": 51,
  "fields": {
    "post": 29,
    "image": "photos/id_912174949.jpg",
    "watermarked_image": "",
    "title": "Дыхание эпох",
    "short_description": "",
    "license_type": "restricted",
    "price_note": "",
    "camera_model": "Sony Alpha 7R V",
    "file_format": "JPG",
    "resolution": "9504 × 6336",
    "created_at": "2025-08-15T06:55:12Z"
  }
},
{
  "model": "gallery.photo",
  "pk": 52,
  "fields": {
    "post": 29,
    "image": "photos/id_986566446.jpg",
    "watermarked_image": "",
    "title": "Дыхание эпох",
    "short_description": "",
    "license_type": "restricted",
    "price_note": "",
    "camera_model": "Sony Alpha 7R V",
    "file_format": "JPG",
    "resolution": "9504 × 6336",
    "created_at": "2025-08-15T06:55:12Z"
  }
},
{
  "model": "gallery.photo",
  "pk": 53,
  "fields": {
    "post": 30,
    "image": "photos/id_287878755.jpg",
    "watermarked_image": "",
    "title": "Стройматериалы в деталях",
    "short_description": "",
    "license_type": "restricted",
    "price_note": "",
    "camera_model": "Canon EOS 7D Mark II",
    "file_format": "JPG",
    "resolution": "5472 × 3648",
    "created_at": "2014-03-12T16:12:12Z"
  }
},
{
  "model": "gallery.photo",
  "pk": 54,
  "fields": {
    "post": 30,
    "image": "photos/id_331938571.jpg",
    "watermarked_image": "",
    "title": "Стройматериалы в деталях",
    "short_description": "",
    "license_type": "restricted",
    "price_note": "",
    "camera_model": "Canon EOS 7D Mark II",
    "file_format": "JPG",
    "resolution": "5472 × 3648",
    "created_at": "2014-03-12T16:21:32Z"
  }
},
{
  "model": "gallery.photo",
  "pk": 55,
  "fields": {
    "post": 30,
    "image": "photos/id_365526608.jpg",
    "watermarked_image": "",
    "title": "Стройматериалы в деталях",
    "short_description": "",
    "license_type": "restricted",
    "price_note": "",
    "camera_model": "Canon EOS 7D Mark II",
    "file_format": "JPG",
    "resolution": "5472 × 3648",
    "created_at": "2014-03-12T16:12:12Z"
  }
},
{
  "model": "gallery.photo",
  "pk": 56,
  "fields": {
    "post": 30,
    "image": "photos/id_559226307.jpg",
    "watermarked_image": "",
    "title": "Стройматериалы в деталях",
    "short_description": "",
    "license_type": "free",
    "price_note": "",
    "camera_model": "Canon EOS 7D Mark II",
    "file_format": "JPG",
    "resolution": "5472 × 3648",
    "created_at": "2014-03-12T16:12:12Z"
  }
},
{
  "model": "gallery.photo",
  "pk": 57,
  "fields": {
    "post": 30,
    "image": "photos/id_869883895.jpg",
    "watermarked_image": "",
    "title": "Стройматериалы в деталях",
    "short_description": "",
    "license_type": "free",
    "price_note": "",
    "camera_model": "Canon EOS 7D Mark II",
    "file_format": "JPG",
    "resolution": "5472 × 3648",
    "created_at": "2014-03-12T16:12:12Z"
  }
},
{
  "model": "gallery.photo",
  "pk": 58,
  "fields": {
    "post": 30,
    "image": "photos/id_915423482.jpg",
    "watermarked_image": "",
    "title": "Стройматериалы в деталях",
    "short_description": "",
    "license_type": "free",
    "price_note": "",
    "camera_model": "Canon EOS 7D Mark II",
    "file_format": "JPG",
    "resolution": "5472 × 3648",
    "created_at": "2014-03-12T16:12:12Z"
  }
},
{
  "model": "gallery.photo",
  "pk": 59,
  "fields": {
    "post": 30,
    "image": "photos/id_973492423.jpg",
    "watermarked_image": "",
    "title": "Стройматериалы в деталях",
    "short_description": "",
    "license_type": "free",
    "price_note": "",
    "camera_model": "Canon EOS 7D Mark II",
    "file_format": "JPG",
    "resolution": "5472 × 3648",
    "created_at": "2014-03-12T16:12:12Z"
  }
},
{
  "model": "gallery.photo",
  "pk": 60,
  "fields": {
    "post": 31,
    "image": "photos/4671a321b153a4ad61e4af223dc3dede.jpg",
    "watermarked_image": "",
    "title": "123",
    "short_description": "",
    "license_type": "free",
    "price_note": "",
    "camera_model": "Canon EOS-1Ds Mark III",
    "file_format": "JPG",
    "resolution": "4000/6000",
    "created_at": "2026-06-12T13:54:26Z"
  }
},
{
  "model": "gallery.photo",
  "pk": 61,
  "fields": {
    "post": 32,
    "image": "photos/1567597250_073.jpg",
    "watermarked_image": "",
    "title": "Девушка",
    "short_description": "",
    "license_type": "free",
    "price_note": "",
    "camera_model": "Canon EOS-1Ds Mark III",
    "file_format": "JPG",
    "resolution": "5616 × 3744",
    "created_at": "2026-06-12T14:04:01Z"
  }
},
{
  "model": "gallery.photo",
  "pk": 62,
  "fields": {
    "post": 33,
    "image": "photos/3213b3039c6e39c5840e0ca3e996ba78.jpg",
    "watermarked_image": "",
    "title": "д",
    "short_description": "д",
    "license_type": "free",
    "price_note": "",
    "camera_model": "Canon EOS-1Ds Mark III",
    "file_format": "JPG",
    "resolution": "5616 × 3744",
    "created_at": "2026-06-13T03:52:57Z"
  }
},
{
  "model": "gallery.photo",
  "pk": 63,
  "fields": {
    "post": 34,
    "image": "photos/333333333333333_O4QpLzF.jpg",
    "watermarked_image": "",
    "title": "3333",
    "short_description": "3333",
    "license_type": "free",
    "price_note": "",
    "camera_model": "Canon EOS-1Ds Mark III",
    "file_format": "JPG",
    "resolution": "5616 × 3744",
    "created_at": "2026-06-13T05:39:54Z"
  }
},
{
  "model": "gallery.photo",
  "pk": 66,
  "fields": {
    "post": 36,
    "image": "photos/id_878314476.jpg",
    "watermarked_image": "",
    "title": "Безупречная чистота",
    "short_description": "Серия фотографий демонстрирует профессиональную уборку помещений, внимание к деталям и результат работы клининговой компании — чистое, свежее и аккуратное пространство.",
    "license_type": "free",
    "price_note": "",
    "camera_model": "Nikon D7500",
    "file_format": "JPG",
    "resolution": "5568 × 3712",
    "created_at": "2020-12-10T15:46:07Z"
  }
},
{
  "model": "gallery.photo",
  "pk": 67,
  "fields": {
    "post": 36,
    "image": "photos/id_111259531.jpg",
    "watermarked_image": "",
    "title": "Забота о чистоте",
    "short_description": "Серия фотографий демонстрирует профессиональную уборку помещений, внимание к деталям и результат работы клининговой компании — чистое, свежее и аккуратное пространство.",
    "license_type": "free",
    "price_note": "",
    "camera_model": "Nikon D7500",
    "file_format": "JPG",
    "resolution": "5568 × 3712",
    "created_at": "2020-12-10T15:57:56Z"
  }
},
{
  "model": "gallery.photo",
  "pk": 68,
  "fields": {
    "post": 36,
    "image": "photos/id_154789748.jpg",
    "watermarked_image": "",
    "title": "Чистота в деталях",
    "short_description": "Серия фотографий демонстрирует профессиональную уборку помещений, внимание к деталям и результат работы клининговой компании — чистое, свежее и аккуратное пространство.",
    "license_type": "free",
    "price_note": "",
    "camera_model": "Nikon D7500",
    "file_format": "JPG",
    "resolution": "5568 × 3712",
    "created_at": "2020-12-10T16:00:27Z"
  }
},
{
  "model": "gallery.photo",
  "pk": 69,
  "fields": {
    "post": 36,
    "image": "photos/id_709924579.jpg",
    "watermarked_image": "",
    "title": "Когда чистота видна",
    "short_description": "Серия фотографий демонстрирует профессиональную уборку помещений, внимание к деталям и результат работы клининговой компании — чистое, свежее и аккуратное пространство.",
    "license_type": "free",
    "price_note": "",
    "camera_model": "Nikon D7500",
    "file_format": "JPG",
    "resolution": "5568 × 3712",
    "created_at": "2020-12-10T16:03:08Z"
  }
},
{
  "model": "auth.user",
  "pk": 1,
  "fields": {
    "password": "pbkdf2_sha256$600000$l2OuHpkcgUqbtm0JyolFZQ$lc818JNPxs9v5O5fBaD1A6/2SmSEDT9g8mhLbaz3x4g=",
    "last_login": "2026-05-23T21:13:10.732Z",
    "is_superuser": true,
    "username": "admin",
    "first_name": "",
    "last_name": "",
    "email": "artyomandreew23111989@gmail.com",
    "is_staff": true,
    "is_active": true,
    "date_joined": "2026-05-23T19:55:14.566Z",
    "groups": [],
    "user_permissions": []
  }
},
{
  "model": "auth.user",
  "pk": 2,
  "fields": {
    "password": "pbkdf2_sha256$1000000$tHdrFqKizCnB3FuI6vDgOy$/qR0+BSstDSc3mbXuGi4sy9zTtjpff06VC70wdX5jTE=",
    "last_login": null,
    "is_superuser": false,
    "username": "Sternchenkiste",
    "first_name": "",
    "last_name": "",
    "email": "",
    "is_staff": false,
    "is_active": true,
    "date_joined": "2026-05-23T21:41:27.779Z",
    "groups": [],
    "user_permissions": []
  }
},
{
  "model": "auth.user",
  "pk": 3,
  "fields": {
    "password": "pbkdf2_sha256$1000000$d0A2z6ZIMEyeTFECKmNS8X$IQ2kE3y0tXNS2TB2o1n7O1u+pGY6eH9EYU9glTnsaGw=",
    "last_login": null,
    "is_superuser": false,
    "username": "Ivanov",
    "first_name": "",
    "last_name": "",
    "email": "",
    "is_staff": false,
    "is_active": true,
    "date_joined": "2026-05-24T06:54:25.024Z",
    "groups": [],
    "user_permissions": []
  }
},
{
  "model": "auth.user",
  "pk": 4,
  "fields": {
    "password": "pbkdf2_sha256$600000$TWcyb8M4fKDk9cn5ZtgjeR$BmHcGc4+7WwaVjdXH/Dcgq5Ml8fvYx3gwagXkQfV9pc=",
    "last_login": "2026-06-12T08:40:44.661Z",
    "is_superuser": true,
    "username": "nr",
    "first_name": "",
    "last_name": "",
    "email": "nr@gmail.com",
    "is_staff": true,
    "is_active": true,
    "date_joined": "2026-06-07T13:37:55.624Z",
    "groups": [],
    "user_permissions": []
  }
},
{
  "model": "auth.user",
  "pk": 5,
  "fields": {
    "password": "pbkdf2_sha256$600000$F7yvcOQfqkBSKzeyIo6kSS$NkPBcYwoXyWefC0FImFT/BFAVwpxtnQQDL/6/HPVPT4=",
    "last_login": null,
    "is_superuser": false,
    "username": "NZ",
    "first_name": "",
    "last_name": "",
    "email": "",
    "is_staff": false,
    "is_active": true,
    "date_joined": "2026-06-07T16:41:03.709Z",
    "groups": [],
    "user_permissions": []
  }
},
{
  "model": "auth.user",
  "pk": 6,
  "fields": {
    "password": "pbkdf2_sha256$600000$MORnO4X7ru0YMm5AzZmQpS$9an8C/JqzaIOpQ7ixjD6rmr1Q4+6fXY1LrZx1pOs5fE=",
    "last_login": null,
    "is_superuser": false,
    "username": "Andrei_Cebotari",
    "first_name": "",
    "last_name": "",
    "email": "",
    "is_staff": false,
    "is_active": true,
    "date_joined": "2026-06-08T05:42:15.372Z",
    "groups": [],
    "user_permissions": []
  }
},
{
  "model": "auth.user",
  "pk": 7,
  "fields": {
    "password": "pbkdf2_sha256$600000$H3AdOu4NJV0aJIYpCnn9Sz$NRii+Ao8PIvxgtWsjyeMFikyt83qh4wdKRdsbjJ/EeM=",
    "last_login": null,
    "is_superuser": false,
    "username": "Andrey_Katz",
    "first_name": "",
    "last_name": "",
    "email": "",
    "is_staff": false,
    "is_active": true,
    "date_joined": "2026-06-08T06:59:01.760Z",
    "groups": [],
    "user_permissions": []
  }
},
{
  "model": "auth.user",
  "pk": 8,
  "fields": {
    "password": "pbkdf2_sha256$600000$EAJ1IYjuSd6reiJN3isjDP$5iQ0AWiH+gRP25yJ8GWkjzrJXC9j6JDrpIEWYsrYOtM=",
    "last_login": null,
    "is_superuser": false,
    "username": "Есения_Волкова",
    "first_name": "",
    "last_name": "",
    "email": "",
    "is_staff": false,
    "is_active": true,
    "date_joined": "2026-06-10T06:46:13.641Z",
    "groups": [],
    "user_permissions": []
  }
},
{
  "model": "auth.user",
  "pk": 9,
  "fields": {
    "password": "pbkdf2_sha256$600000$PaZp9BhpAShRQmvhL2Gs7y$8dDSqusO+MeK77uDgEvsYskvWU2RKrXGO2ul2PFOuZM=",
    "last_login": null,
    "is_superuser": false,
    "username": "Арина_Вельская",
    "first_name": "",
    "last_name": "",
    "email": "",
    "is_staff": false,
    "is_active": true,
    "date_joined": "2026-06-10T06:51:06.284Z",
    "groups": [],
    "user_permissions": []
  }
},
{
  "model": "auth.user",
  "pk": 10,
  "fields": {
    "password": "pbkdf2_sha256$600000$7wcFqkvbX0wbQWXXmAPXqU$DT+mSBQ4sR4T0irWKdKYvSgLAkbjrRsB9N6ZK0VHdZQ=",
    "last_login": null,
    "is_superuser": false,
    "username": "Даниил_Северин",
    "first_name": "",
    "last_name": "",
    "email": "",
    "is_staff": false,
    "is_active": true,
    "date_joined": "2026-06-10T06:54:20.916Z",
    "groups": [],
    "user_permissions": []
  }
},
{
  "model": "auth.user",
  "pk": 11,
  "fields": {
    "password": "pbkdf2_sha256$600000$WYLSPFGvrHdbmC0qzwNd3y$wYiSnC+3aV1PElKAm3sSTOjHrfdfVmI8TsyKGlvEgy0=",
    "last_login": null,
    "is_superuser": false,
    "username": "Илья_Воронцов",
    "first_name": "",
    "last_name": "",
    "email": "",
    "is_staff": false,
    "is_active": true,
    "date_joined": "2026-06-10T17:08:40.152Z",
    "groups": [],
    "user_permissions": []
  }
},
{
  "model": "auth.user",
  "pk": 12,
  "fields": {
    "password": "pbkdf2_sha256$600000$fCDGUzsoVZYxEOiQ0BXsC9$tj/0Z09b+qJPzL3IvYdGUzavX0chByzgJ1SShUnWz4A=",
    "last_login": null,
    "is_superuser": false,
    "username": "ИринаГ",
    "first_name": "",
    "last_name": "",
    "email": "",
    "is_staff": false,
    "is_active": true,
    "date_joined": "2026-06-13T13:49:08Z",
    "groups": [],
    "user_permissions": []
  }
}
]
